{
    "loss": 0.6290026307106018,
    "accuracy": 0.9274193644523621
}