{
    "loss": 1.0564287900924683,
    "accuracy": 0.8629032373428345
}